<favourites>
	<favourite name="Limpiar Caché y Rom" thumb="https://i.postimg.cc/gkRMhgXt/ico_ft_clean.png">PlayMedia(&quot;plugin://script.limpiarkodi/?url=url&amp;mode=1&amp;name=++Limpiar+Cache+y+Rom&amp;sf_options=fanart%3Dspecial%3A%2F%2Fhome%2Faddons%2Fscript.limpiarkodi%2Ffanart.jpg%26meta%3Dvotes%253D0%2526label%253D%252B%252BLimpiar%252BCache%252By%252BRom%2526title%253DLimpiar%252BCache%252By%252BRom%26winID%3D10040%26_options_sf&quot;)</favourite>
	<favourite name="Eliminar Archivos Temporales" thumb="https://i.postimg.cc/GtTyZSwW/ico_ft_tmp_folder.png">PlayMedia(&quot;plugin://script.limpiarkodi/?url=url&amp;mode=3&amp;name=++Eliminar+Temp&amp;sf_options=fanart%3Dspecial%3A%2F%2Fhome%2Faddons%2Fscript.limpiarkodi%2Ffanart.jpg%26meta%3Dvotes%253D0%2526label%253D%252B%252BEliminar%252BTemp%2526title%253DEliminar%252BTemp%26winID%3D10040%26_options_sf&quot;)</favourite>
	<favourite name="Eliminar Paquetes" thumb="https://i.postimg.cc/YCzbnjx1/ico_ft_packages.png">PlayMedia(&quot;plugin://script.limpiarkodi/?url=url&amp;mode=4&amp;name=++Eliminar+Paquetes&amp;sf_options=fanart%3Dspecial%3A%2F%2Fhome%2Faddons%2Fscript.limpiarkodi%2Ffanart.jpg%26meta%3Dvotes%253D0%2526label%253D%252B%252BEliminar%252BPaquetes%2526title%253DEliminar%252BPaquetes%26winID%3D10040%26_options_sf&quot;)</favourite>
	<favourite name="Borrar Imagenes" thumb="https://i.postimg.cc/RZBgLwwS/ico_ft_img.png">PlayMedia(&quot;plugin://script.limpiarkodi/?url=url&amp;mode=2&amp;name=++Borrar+Imagenes&amp;sf_options=fanart%3Dspecial%3A%2F%2Fhome%2Faddons%2Fscript.limpiarkodi%2Ffanart.jpg%26meta%3Dvotes%253D0%2526label%253D%252B%252BBorrar%252BImagenes%2526title%253DBorrar%252BImagenes%26winID%3D10040%26_options_sf&quot;)</favourite>
	<favourite name="Limpiar Bibloteca Kodi" thumb="https://i.postimg.cc/15ZGksXM/ico_ft_library.png">PlayMedia(&quot;plugin://script.limpiarkodi/?url=url&amp;mode=12&amp;name=++Limpiar+Bibloteca+Kodi&amp;sf_options=fanart%3Dspecial%3A%2F%2Fhome%2Faddons%2Fscript.limpiarkodi%2Ffanart.jpg%26meta%3Dvotes%253D0%2526label%253D%252B%252BLimpiar%252BBibloteca%252BKodi%2526title%253DLimpiar%252BBibloteca%252BKodi%26winID%3D10040%26_options_sf&quot;)</favourite>
	<favourite name="Compactar Base de Datos" thumb="https://i.postimg.cc/k4pSYPZN/ico_ft_bbdd.png">PlayMedia(&quot;plugin://script.limpiarkodi/?url=url&amp;mode=13&amp;name=++Compactar+Base+de+Datos&amp;sf_options=fanart%3Dspecial%3A%2F%2Fhome%2Faddons%2Fscript.limpiarkodi%2Ffanart.jpg%26meta%3Dvotes%253D0%2526label%253D%252B%252BCompactar%252BBase%252Bde%252BDatos%2526title%253DCompactar%252BBase%252Bde%252BDatos%26winID%3D10040%26_options_sf&quot;)</favourite>
	<favourite name="Herramientas" thumb="https://i.postimg.cc/8k7Xpp1S/ico_ft_maintenance.png">ActivateWindow(10001,&quot;plugin://script.limpiarkodi/?mode=18&amp;name=Herramientas&amp;url=url&amp;sf_options=fanart%3Dspecial%3A%2F%2Fhome%2Faddons%2Fscript.limpiarkodi%2Ffanart.jpg%26meta%3Dvotes%253D0%2526label%253DHerramientas%2526title%253DHerramientas%26_options_sf&quot;,return)</favourite>
	
</favourites>