<favourites>





	<!--  TDT 1  ////////////////////////////////////////////////////////////////////// -->


	<!-- <favourite name="La 1 [speedtvstars]"  thumb="https://i.postimg.cc/9XTmZ35d/ico_f_la1.png" >PlayMedia(&quot;4758&quot;)</favourite> -->
	<favourite name="La 1 HD [speedtvstars]"  thumb="https://i.postimg.cc/9XTmZ35d/ico_f_la1.png" >PlayMedia(&quot;http://178.132.6.61/TV2294&quot;)</favourite>
	
	<favourite name="La 2 [speedtvstars]"  thumb="https://i.postimg.cc/PJmdjDz3/ico_f_la2.png" >PlayMedia(&quot;5240&quot;)</favourite>
	<!-- <favourite name="La 2 HD [speedtvstars]"  thumb="https://i.postimg.cc/PJmdjDz3/ico_f_la2.png" >PlayMedia(&quot;4755&quot;)</favourite> -->

	<!-- <favourite name="Antena 3 [speedtvstars]"  thumb="https://i.postimg.cc/W4jbbXfG/ico-f-antena3.png" >PlayMedia(&quot;4754&quot;)</favourite> -->
	<favourite name="Antena 3 HD [speedtvstars]"  thumb="https://i.postimg.cc/W4jbbXfG/ico-f-antena3.png" >PlayMedia(&quot;5296&quot;)</favourite>

	<!-- <favourite name="Cuatro [speedtvstars]"  thumb="https://i.postimg.cc/QNBBznLC/ico-f-cuatro.png" >PlayMedia(&quot;4752&quot;)</favourite> -->
	<favourite name="Cuatro HD [speedtvstars]"  thumb="https://i.postimg.cc/QNBBznLC/ico-f-cuatro.png" >PlayMedia(&quot;5268&quot;)</favourite>

	<!-- <favourite name="Telecinco [speedtvstars]"  thumb="https://i.postimg.cc/hvxVR25k/ico_f_telecinco.png" >PlayMedia(&quot;4750&quot;)</favourite> -->
	<favourite name="Telecinco HD [speedtvstars]"  thumb="https://i.postimg.cc/hvxVR25k/ico_f_telecinco.png" >PlayMedia(&quot;5159&quot;)</favourite>

	<!-- <favourite name="La Sexta [speedtvstars]"  thumb="https://i.postimg.cc/R0DSQ4ZR/ico_f_lasexta.png" >PlayMedia(&quot;4748&quot;)</favourite> -->
	<favourite name="La Sexta HD [speedtvstars]"  thumb="https://i.postimg.cc/R0DSQ4ZR/ico_f_lasexta.png" >PlayMedia(&quot;5236&quot;)</favourite>




	<!--  Movistar+ Cine   ////////////////////////////////////////////////////////////////////// -->


	<!-- <favourite name="#0 [speedtvstars]"  thumb="https://i.postimg.cc/cCVdqmn8/ico-f-0.png" >PlayMedia(&quot;4804&quot;)</favourite> -->
	<favourite name="#0 HD [speedtvstars]"  thumb="https://i.postimg.cc/cCVdqmn8/ico-f-0.png" >PlayMedia(&quot;5305&quot;)</favourite>

	<!-- <favourite name="Movistar+ Estrenos [speedtvstars]"  thumb="https://i.postimg.cc/Y9KVwsn7/ico_f_m_estrenos.png" >PlayMedia(&quot;4795&quot;)</favourite> -->
	<favourite name="Movistar+ Estrenos HD [speedtvstars]"  thumb="https://i.postimg.cc/Y9KVwsn7/ico_f_m_estrenos.png" >PlayMedia(&quot;5205&quot;)</favourite>

	<!-- <favourite name="Movistar+ CineDoc&Roll [speedtvstars]"  thumb="https://i.postimg.cc/wxmNMTqg/ico_f_m_cinedoc&roll.png" >PlayMedia(&quot;36743&quot;)</favourite> -->
	<favourite name="Movistar+ CineDoc&Roll HD [speedtvstars]"  thumb="https://i.postimg.cc/wxmNMTqg/ico_f_m_cinedoc&roll.png" >PlayMedia(&quot;5213&quot;)</favourite>

	<favourite name="Movistar+ Acción [speedtvstars]"  thumb="https://i.postimg.cc/kgwXGxrL/ico_f_m_accion.png" >PlayMedia(&quot;5219&quot;)</favourite>
	<!-- <favourite name="Movistar+ Acción HD [speedtvstars]"  thumb="https://i.postimg.cc/kgwXGxrL/ico_f_m_accion.png" >PlayMedia(&quot;14977&quot;)</favourite> -->

	<favourite name="Movistar+ Comedia [speedtvstars]"  thumb="https://i.postimg.cc/gkST0JSN/ico_f_m_comedia.png" >PlayMedia(&quot;5212&quot;)</favourite>
	<favourite name="Movistar+ Comedia HD [speedtvstars]"  thumb="https://i.postimg.cc/gkST0JSN/ico_f_m_comedia.png" >PlayMedia(&quot;5211&quot;)</favourite>

	<favourite name="Movistar+ Drama [speedtvstars]"  thumb="https://i.postimg.cc/wj6RwXhj/ico_f_m_drama.png" >PlayMedia(&quot;5208&quot;)</favourite>
	<!-- <favourite name="Movistar+ Drama HD [speedtvstars]"  thumb="https://i.postimg.cc/wj6RwXhj/ico_f_m_drama.png" >PlayMedia(&quot;14974&quot;)</favourite> -->

	<!-- <favourite name="Movistar+ Cine Ñ [speedtvstars]"  thumb="https://i.postimg.cc/SxmxmgPW/ico_f_m_cine_ñ.png" >PlayMedia(&quot;14976&quot;)</favourite> -->

	<!-- <favourite name="Movistar+ Disney [speedtvstars]"  thumb="https://i.postimg.cc/sx3NMZC0/ico-f-m-disney.png" >PlayMedia(&quot;14973&quot;)</favourite> -->

	<!-- <favourite name="Movistar+ Series [speedtvstars]"  thumb="https://i.postimg.cc/NFxZDkxc/ico_f_m_series.png" >PlayMedia(&quot;4790&quot;)</favourite> -->
	<favourite name="Movistar+ Series HD [speedtvstars]"  thumb="https://i.postimg.cc/NFxZDkxc/ico_f_m_series.png" >PlayMedia(&quot;5197&quot;)</favourite>

	<!-- <favourite name="Movistar+ Seriesmania [speedtvstars]"  thumb="https://i.postimg.cc/jdY7702N/ico_f_m_seriesmania.png" >PlayMedia(&quot;4799&quot;)</favourite> -->
	<favourite name="Movistar+ Seriesmania HD [speedtvstars]"  thumb="https://i.postimg.cc/jdY7702N/ico_f_m_seriesmania.png" >PlayMedia(&quot;5199&quot;)</favourite>




	<!--  Cine y Entretenimiento  ////////////////////////////////////////////////////////////////////// -->


	<!-- <favourite name="Comedy Central [speedtvstars]"  thumb="https://i.postimg.cc/RV6DJdtY/ico-f-comedy-central-2018-alt.png" >PlayMedia(&quot;14998&quot;)</favourite> -->
	<favourite name="Comedy Central HD [speedtvstars]"  thumb="https://i.postimg.cc/RV6DJdtY/ico-f-comedy-central-2018-alt.png" >PlayMedia(&quot;5272&quot;)</favourite>

	<!-- <favourite name="AMC [speedtvstars]"  thumb="https://i.postimg.cc/fT1ZfVgr/ico_f_amc_2019.png" >PlayMedia(&quot;4771&quot;)</favourite> -->
	<favourite name="AMC HD [speedtvstars]"  thumb="https://i.postimg.cc/fT1ZfVgr/ico_f_amc_2019.png" >PlayMedia(&quot;5300&quot;)</favourite>

	<!-- <favourite name="TNT [speedtvstars]"  thumb="https://i.postimg.cc/GmjJpSmr/ico_f_tnt.png" >PlayMedia(&quot;15015&quot;)</favourite> -->
	<favourite name="TNT HD [speedtvstars]"  thumb="https://i.postimg.cc/GmjJpSmr/ico_f_tnt.png" >PlayMedia(&quot;5155&quot;)</favourite>

	<!-- <favourite name="Fox [speedtvstars]"  thumb="https://i.postimg.cc/Qt73Q7P8/ico-f-fox.png" >PlayMedia(&quot;4763&quot;)</favourite> -->
	<favourite name="Fox HD [speedtvstars]"  thumb="https://i.postimg.cc/Qt73Q7P8/ico-f-fox.png" >PlayMedia(&quot;5252&quot;)</favourite>

	<favourite name="Canal Hollywood [speedtvstars]"  thumb="https://i.postimg.cc/VLWzZjN5/ico_f_hollywood.png" >PlayMedia(&quot;5307&quot;)</favourite>
	<!-- <favourite name="Canal Hollywood HD [speedtvstars]"  thumb="https://i.postimg.cc/VLWzZjN5/ico_f_hollywood.png" >PlayMedia(&quot;15028&quot;)</favourite> -->

	<!-- <favourite name="AXN [speedtvstars]"  thumb="https://i.postimg.cc/9MQmyz2z/ico-f-axn.png" >PlayMedia(&quot;4775&quot;)</favourite> -->
	<favourite name="AXN HD [speedtvstars]"  thumb="https://i.postimg.cc/9MQmyz2z/ico-f-axn.png" >PlayMedia(&quot;5294&quot;)</favourite>

	<favourite name="Calle 13 [speedtvstars]"  thumb="https://i.postimg.cc/gJx0frTQ/ico-f-calle13.png" >PlayMedia(&quot;5279&quot;)</favourite>
	<!-- <favourite name="Calle 13 HD [speedtvstars]"  thumb="https://i.postimg.cc/gJx0frTQ/ico-f-calle13.png" >PlayMedia(&quot;15012&quot;)</favourite> -->

	<!-- <favourite name="SyFy [speedtvstars]"  thumb="https://i.postimg.cc/YqK1zw4M/ico_f_syfy.png" >PlayMedia(&quot;15017&quot;)</favourite> -->
	<favourite name="SyFy HD [speedtvstars]"  thumb="https://i.postimg.cc/YqK1zw4M/ico_f_syfy.png" >PlayMedia(&quot;5164&quot;)</favourite>

	<!-- <favourite name="TCM [speedtvstars]"  thumb="https://i.postimg.cc/90js4hSr/ico_f_tcm-2019.png" >PlayMedia(&quot;4786&quot;)</favourite> -->
	<favourite name="TCM HD [speedtvstars]"  thumb="https://i.postimg.cc/90js4hSr/ico_f_tcm-2019.png" >PlayMedia(&quot;5161&quot;)</favourite>

	<!-- <favourite name="Fox Life [speedtvstars]"  thumb="https://i.postimg.cc/yNtK3jLp/ico-f-foxlife.png" >PlayMedia(&quot;4765&quot;)</favourite> -->
	<favourite name="Fox Life HD [speedtvstars]"  thumb="https://i.postimg.cc/yNtK3jLp/ico-f-foxlife.png" >PlayMedia(&quot;5250&quot;)</favourite>

	<!-- <favourite name="AXN White [speedtvstars]"  thumb="https://i.postimg.cc/CL3x9FG6/ico-f-axn-white.png" >PlayMedia(&quot;4773&quot;)</favourite> -->
	<favourite name="AXN White HD [speedtvstars]"  thumb="https://i.postimg.cc/CL3x9FG6/ico-f-axn-white.png" >PlayMedia(&quot;5292&quot;)</favourite>

	<favourite name="Cosmo HD [speedtvstars]"  thumb="https://i.postimg.cc/vZyccY4x/ico-f-cosmo.png" >PlayMedia(&quot;5271&quot;)</favourite>

	<!-- <favourite name="Sundance [speedtvstars]"  thumb="https://i.postimg.cc/cLdwPMMz/ico_f_sundance.png" >PlayMedia(&quot;4776&quot;)</favourite> -->
	<favourite name="Sundance HD [speedtvstars]"  thumb="https://i.postimg.cc/cLdwPMMz/ico_f_sundance.png" >PlayMedia(&quot;5165&quot;)</favourite>
	
	<!-- <favourite name="Xtrm [speedtvstars]"  thumb="https://i.postimg.cc/RFJHwP4W/ico_f_xtrm.png" >PlayMedia(&quot;4780&quot;)</favourite> -->

	<!-- <favourite name="Somos [speedtvstars]"  thumb="https://i.postimg.cc/rwgxT0fw/ico_f_somos.png" >PlayMedia(&quot;4783&quot;)</favourite> -->

	<favourite name="Dark [speedtvstars]"  thumb="https://i.postimg.cc/KzW2LNQs/ico-f-dark.png" >PlayMedia(&quot;5313&quot;)</favourite>

	


	<!--  Deportes  ////////////////////////////////////////////////////////////////////// -->


	<!-- <favourite name="#Vamos [speedtvstars]"  thumb="https://i.postimg.cc/DZp9PZ5w/ico_f_m__vamos.png" >PlayMedia(&quot;14966&quot;)</favourite> -->
	<favourite name="#Vamos HD [speedtvstars]"  thumb="https://i.postimg.cc/DZp9PZ5w/ico_f_m__vamos.png" >PlayMedia(&quot;5195&quot;)</favourite>

	<!-- <favourite name="M+ Partidazo [speedtvstars]"  thumb="https://i.postimg.cc/ncHyzNHc/ico_f_m_partidazo.png" >PlayMedia(&quot;8472&quot;)</favourite> -->
	<!-- <favourite name="M+ Partidazo HD [speedtvstars]"  thumb="https://i.postimg.cc/ncHyzNHc/ico_f_m_partidazo.png" >PlayMedia(&quot;0211&quot;)</favourite> -->
	
	<favourite name="beIN LaLiga [speedtvstars]"  thumb="https://i.postimg.cc/HswLGq6Y/ico-f-bein-laliga.png" >PlayMedia(&quot;5287&quot;)</favourite>
	<!-- <favourite name="beIN LaLiga HD [speedtvstars]"  thumb="https://i.postimg.cc/HswLGq6Y/ico-f-bein-laliga.png" >PlayMedia(&quot;14993&quot;)</favourite> -->
	
	<!-- <favourite name="LaLiga TV [speedtvstars]"  thumb="https://i.postimg.cc/d3MJp6dZ/ico_f_laligatv.png" >PlayMedia(&quot;14992&quot;)</favourite> -->
	<favourite name="LaLiga TV HD [speedtvstars]"  thumb="https://i.postimg.cc/d3MJp6dZ/ico_f_laligatv.png" >PlayMedia(&quot;5226&quot;)</favourite>
	
	<favourite name="LaLiga 123 [speedtvstars]"  thumb="https://i.postimg.cc/85f1Z9FV/ico-f-liga123.png" >PlayMedia(&quot;5235&quot;)</favourite>
	
	<!-- <favourite name="M+ Liga de Campeones [speedtvstars]"  thumb="https://i.postimg.cc/sXcJLYBS/ico-f-liga-campeones.png" >PlayMedia(&quot;8473&quot;)</favourite> -->
	<favourite name="M+ Liga de Campeones HD [speedtvstars]"  thumb="https://i.postimg.cc/sXcJLYBS/ico-f-liga-campeones.png" >PlayMedia(&quot;5222&quot;)</favourite>
	
	<!-- <favourite name="M+ Liga de Campeones 1 [speedtvstars]"  thumb="https://i.postimg.cc/ZRZcj7q4/ico-f-liga-campeones-1.png" >PlayMedia(&quot;8477&quot;)</favourite> -->
	<!-- <favourite name="M+ Liga de Campeones 1 HD [speedtvstars]"  thumb="https://i.postimg.cc/ZRZcj7q4/ico-f-liga-campeones-1.png" >PlayMedia(&quot;4846&quot;)</favourite> -->


	
	<!-- <favourite name="M+ Formula 1 [speedtvstars]"  thumb="https://i.postimg.cc/QdzwftcH/ico_f_m_formula1.png" >PlayMedia(&quot;4852&quot;)</favourite> -->
	<favourite name="M+ Formula 1 HD [speedtvstars]"  thumb="https://i.postimg.cc/QdzwftcH/ico_f_m_formula1.png" >PlayMedia(&quot;5217&quot;)</favourite>
	
	<!-- <favourite name="M+ Deportes [speedtvstars]"  thumb="https://i.postimg.cc/VkWgqS3C/ico_f_m_deportes.png" >PlayMedia(&quot;4812&quot;)</favourite> -->
	<favourite name="M+ Deportes HD [speedtvstars]"  thumb="https://i.postimg.cc/VkWgqS3C/ico_f_m_deportes.png" >PlayMedia(&quot;5210&quot;)</favourite>
	
	<favourite name="M+ Golf [speedtvstars]"  thumb="https://i.postimg.cc/15JLNMt0/ico-f-m-golf.png" >PlayMedia(&quot;5202&quot;)</favourite>
	<!-- <favourite name="M+ Golf HD [speedtvstars]"  thumb="https://i.postimg.cc/15JLNMt0/ico-f-m-golf.png" >PlayMedia(&quot;14981&quot;)</favourite> -->
	
	<!-- <favourite name="Eurosport 1 [speedtvstars]"  thumb="https://i.postimg.cc/h49nh9TM/ico_f_eurosport1.png" >PlayMedia(&quot;4819&quot;)</favourite> -->
	<favourite name="Eurosport 1 HD [speedtvstars]"  thumb="https://i.postimg.cc/h49nh9TM/ico_f_eurosport1.png" >PlayMedia(&quot;5256&quot;)</favourite>
	
	<favourite name="Eurosport 2 [speedtvstars]"  thumb="https://i.postimg.cc/5yMMn0dw/ico-f-eurosport2.png" >PlayMedia(&quot;5258&quot;)</favourite>
		
	<favourite name="DAZN España (IT) [speedtvstars]"  thumb="https://i.postimg.cc/Qdp4FSvH/ico_f_dazn.png" >PlayMedia(&quot;5200&quot;)</favourite>

	<!-- <favourite name="Sky Sport MotoGP (IT) [speedtvstars]"  thumb="https://i.postimg.cc/02DMhnkR/ico_f_sky-sport-motogp.png" >PlayMedia(&quot;23640&quot;)</favourite> -->
	
	<!-- <favourite name="BT Sport 1 (UK) [speedtvstars]"  thumb="https://i.postimg.cc/xTMbKyqC/ico-f-bt-sports-1.png" >PlayMedia(&quot;8222&quot;)</favourite> -->
	
	<!-- <favourite name="BT Sport 2 (UK) [speedtvstars]"  thumb="https://i.postimg.cc/nh1jWF4f/ico_f_bt-sports_2.png" >PlayMedia(&quot;8221&quot;)</favourite> -->
	
	<!-- <favourite name="UFC Fight Pass [speedtvstars]"  thumb="https://i.postimg.cc/tCkYn0Wr/ico_f_ufc.png" >PlayMedia(&quot;23640&quot;)</favourite> -->
	
	<!-- <favourite name="FightBox [speedtvstars]"  thumb="https://i.postimg.cc/FsmrdvQw/ico-f-fight-box.png" >PlayMedia(&quot;25495&quot;)</favourite> -->
	
	<!-- <favourite name="Fight Network [speedtvstars]"  thumb="https://i.postimg.cc/QCcDswLr/ico_f_fight_network.png" >PlayMedia(&quot;23668&quot;)</favourite> -->
	
	<favourite name="Barca Tv [speedtvstars]"  thumb="https://i.postimg.cc/3J4wLyvv/ico_f_barcelona_tv.png" >PlayMedia(&quot;5289&quot;)</favourite>
	
	<favourite name="Gol TV [speedtvstars]"  thumb="https://i.postimg.cc/rwhMMMxk/ico_f_gol.png" >PlayMedia(&quot;5249&quot;)</favourite>
	
	<favourite name="Teledeporte [speedtvstars]"  thumb="https://i.postimg.cc/kXQWjh88/ico_f_tdp.png" >PlayMedia(&quot;5157&quot;)</favourite>




	<!--  Documentales  ////////////////////////////////////////////////////////////////////// -->


	<favourite name="Canal Cocina [speedtvstars]"  thumb="https://i.postimg.cc/59ZHWq13/ico-f-cocina.png" >PlayMedia(&quot;5273&quot;)</favourite>

	<!-- <favourite name="National Geographic [speedtvstars]"  thumb="https://i.postimg.cc/Y904MdhX/ico_f_natgeo.png" >PlayMedia(&quot;4866&quot;)</favourite> -->
	<!-- <favourite name="National Geographic HD [speedtvstars]"  thumb="https://i.postimg.cc/Y904MdhX/ico_f_natgeo.png" >PlayMedia(&quot;14960&quot;)</favourite> -->

	<!-- <favourite name="Nat Geo Wild  [speedtvstars]"  thumb="https://i.postimg.cc/TPRLHdGv/ico_f_natgeo_wild.png" >PlayMedia(&quot;14958&quot;)</favourite> -->
	<!-- <favourite name="Nat Geo Wild HD [speedtvstars]"  thumb="https://i.postimg.cc/TPRLHdGv/ico_f_natgeo_wild.png" >PlayMedia(&quot;4864&quot;)</favourite> -->

	<favourite name="Historia [speedtvstars]"  thumb="https://i.postimg.cc/jSqtpLWc/ico_f_historia.png" >PlayMedia(&quot;5247&quot;)</favourite>

	<favourite name="Discovery Channel [speedtvstars]"  thumb="https://i.postimg.cc/jSNTgRpd/ico_f_discovery_2019.png" >PlayMedia(&quot;5266&quot;)</favourite>

	<favourite name="Odisea [speedtvstars]"  thumb="https://i.postimg.cc/Kjd39tc0/ico_f_odisea.png" >PlayMedia(&quot;5171&quot;)</favourite>

	<!-- <favourite name="Viajar [speedtvstars]"  thumb="https://i.postimg.cc/jC0C6Kv9/ico_f_viajar.png" >PlayMedia(&quot;4871&quot;)</favourite> -->
	<favourite name="Viajar HD [speedtvstars]"  thumb="https://i.postimg.cc/jC0C6Kv9/ico_f_viajar.png" >PlayMedia(&quot;5152&quot;)</favourite>

	<!-- <favourite name="Caza y Pesca [speedtvstars]"  thumb="https://i.postimg.cc/SxGj9B9T/ico-f-caza-y-pesca.png" >PlayMedia(&quot;4876&quot;)</favourite> -->
	<favourite name="Caza y Pesca HD [speedtvstars]"  thumb="https://i.postimg.cc/SxGj9B9T/ico-f-caza-y-pesca.png" >PlayMedia(&quot;5276&quot;)</favourite>


	<!-- <favourite name="Blaze [speedtvstars]"  thumb="https://i.postimg.cc/1zwS66b9/ico_f_blaze.png" >PlayMedia(&quot;15013&quot;)</favourite> -->

	<!-- <favourite name="Crimen & Investigación [speedtvstars]"  thumb="https://i.postimg.cc/1RNtBn6N/ico-f-c-i.png" >PlayMedia(&quot;15004&quot;)</favourite> -->

	<favourite name="Decasa [speedtvstars]"  thumb="https://i.postimg.cc/Qx1F89dr/ico-f-decasa.png" >PlayMedia(&quot;5267&quot;)</favourite>
	
	<favourite name="DMax [speedtvstars]"  thumb="https://i.postimg.cc/fTChfDH9/ico-f-dmax.png" >PlayMedia(&quot;5260&quot;)</favourite>




	<!--  Música  ////////////////////////////////////////////////////////////////////// -->


	<favourite name="MTV España [speedtvstars]"  thumb="https://i.postimg.cc/HnP9TJYM/ico_f_mtv.png" >PlayMedia(&quot;5194&quot;)</favourite>
	
	<!-- <favourite name="MTV UK [speedtvstars]"  thumb="https://i.postimg.cc/MZL9FbjZ/ico_f_mtv_uk.png" >PlayMedia(&quot;8993&quot;)</favourite> -->

	<favourite name="MTV USA [speedtvstars]"  thumb="https://i.postimg.cc/KjCQ3xy3/ico_f_amtv.png" >PlayMedia(&quot;5331&quot;)</favourite>
	
	<!-- <favourite name="MTV India [speedtvstars]"  thumb="https://i.postimg.cc/kG2f5DLd/ico_f_mtv_india.png" >PlayMedia(&quot;23995&quot;)</favourite> -->

	<!-- <favourite name="MTV Music UK [speedtvstars]"  thumb="https://i.postimg.cc/MTK9h9DH/ico_f_mtv_music.png" >PlayMedia(&quot;8988&quot;)</favourite> -->
	
	<!-- <favourite name="MTV Hits [speedtvstars]"  thumb="https://i.postimg.cc/V6mRgQZJ/ico_f_mtv_hits.png" >PlayMedia(&quot;8186&quot;)</favourite> -->

	<!-- <favourite name="MTV Rocks [speedtvstars]"  thumb="https://i.postimg.cc/Dw4Bycbw/ico_f_mtv_rocks.png" >PlayMedia(&quot;14963&quot;)</favourite> -->

	<!-- <favourite name="MTV Base UK [speedtvstars]"  thumb="https://i.postimg.cc/G3MQFfFp/ico_f_mtv_base.png" >PlayMedia(&quot;8992&quot;)</favourite> -->

	<!-- <favourite name="MTV Classic UK [speedtvstars]"  thumb="https://i.postimg.cc/63ch1jFY/ico_f_mtv_classic.png" >PlayMedia(&quot;8991&quot;)</favourite> -->

	<!-- <favourite name="MTV Live HD [speedtvstars]"  thumb="https://i.postimg.cc/wBKFtshc/ico_f_mtv_live.png" >PlayMedia(&quot;32708&quot;)</favourite> -->

	
	<favourite name="VH1 [speedtvstars]"  thumb="https://i.postimg.cc/5NLShtcX/ico_f_vh1.png" >PlayMedia(&quot;132&quot;)</favourite>
	
	<favourite name="VH1 Classic [speedtvstars]"  thumb="https://i.postimg.cc/zBtx5Ttj/ico_f_vh1_classic_alt.png" >PlayMedia(&quot;133&quot;)</favourite>
	
	<favourite name="Mezzo [speedtvstars]"  thumb="https://i.postimg.cc/VNrQwMzq/ico_f_mezzo.png" >PlayMedia(&quot;331&quot;)</favourite>

	<!-- <favourite name="Mezzo Live HD [speedtvstars]"  thumb="https://i.postimg.cc/3wsMxRwP/ico_f_mezzo_live_hd.png" >PlayMedia(&quot;14964&quot;)</favourite> -->

	<!-- <favourite name="Stingray Classica [speedtvstars]"  thumb="https://i.postimg.cc/xT2zby7d/ico_f_stingray_classica.png" >PlayMedia(&quot;15006&quot;)</favourite> -->

	
	


	<!-- Noticias  ////////////////////////////////////////////////////////////////////// -->


	<favourite name="24 Horas [speedtvstars]"  thumb="https://i.postimg.cc/RZxvXgmk/ico-f-24h.png" >PlayMedia(&quot;5303&quot;)</favourite>

	<favourite name="CNN [speedtvstars]"  thumb="https://i.postimg.cc/85cGj3d6/ico-f-cnn.png" >PlayMedia(&quot;10528&quot;)</favourite>

	<favourite name="BBC Wold News [speedtvstars]"  thumb="https://i.postimg.cc/ZK4WqYBB/ico-f-bbc-news.png" >PlayMedia(&quot;10518&quot;)</favourite>

	<favourite name="CNBC Europe [speedtvstars]"  thumb="https://i.postimg.cc/JhGDWTyp/ico-f-cnbc.png" >PlayMedia(&quot;10527&quot;)</favourite>

	<!-- <favourite name="Fox News [speedtvstars]"  thumb="https://i.postimg.cc/zXLqZvny/ico-f-foxnews.png" >PlayMedia(&quot;15024&quot;)</favourite> -->

	<!-- <favourite name="Russia Today (Español) [speedtvstars]"  thumb="https://i.postimg.cc/rssMpF3Y/ico-f-rusia-today.png" >PlayMedia(&quot;21800&quot;)</favourite> -->



	
	
</favourites>